{
  "accuracy": 0.9876977152899824,
  "precision": 0.9904306220095693,
  "recall": 0.9764150943396226,
  "f1": 0.9833729216152018
}